id,heartbeat_signals,label
39,"-0.1281586663922421,-0.1264332037253088,-0.11448131476140294,-0.09811941241617694,-0.07651598102067059,-0.04967048200711299,-0.020957844105824797,0.015148472569112004,0.06344236077240972,0.1243948450840785,0.17802964540923383,0.21989279885044122,0.27210615291010964,0.3173484993766247,0.33937312601749525,0.34767765207758006,0.3504812243208102,0.3473352117421399,0.33857084402226945,0.3257694291060368,0.31498671949040613,0.30847185847272185,0.30452852365498784,0.3005745372484666,0.2990910245112012,0.2977235400329542,0.2956690836554797,0.29123409457107063,0.28305785173811293,0.27377277883308826,0.26223193137648515,0.2488683270509352,0.23621042437150874,0.22335913601544855,0.21057336495070667,0.19837145462646677,0.1861765835404614,0.1771038067445898,0.17106048584880262,0.16325749852623428,0.14862016567888348,0.12858971380652096,0.10381532542750949,0.07622281482407378,0.04607190197566813,0.014741985709495586,-0.010447522089050532,-0.02865446431487695,-0.0419681790438905,-0.05189544050451356,-0.057942678950537285,-0.06137128521879659,-0.06345276927431548,-0.06598496346576388,-0.06833362737732857,-0.07540408348390493,-0.08532655604727546,-0.09776856056668343,-0.10921679350829344,-0.11865822383108748,-0.1282125819366306,-0.13757981293161847,-0.14628836387003574,-0.15629460276160767,-0.16819745365586664,-0.18034561295166002,-0.19312541164136926,-0.2028556248732325,-0.20770694122068056,-0.21152933470774887,-0.2155686285949553,-0.21760193743888478,-0.21792788402719987,-0.2201714175943324,-0.22373734326900296,-0.228893416190033,-0.23325174805611643,-0.23815510448457988,-0.24456007366025878,-0.24585622045697741,-0.24067905016892166,-0.2297607191581919,-0.2147662872372919,-0.19918296847830963,-0.1852907927522448,-0.1751061842262452,-0.16580335432576787,-0.15811046130697098,-0.1510865764051309,-0.14551781315609863,-0.14093832894127978,-0.1539212710474871,-0.17068004371967116,-0.1709884231997582,-0.16115096578006027,-0.14551117299582267,-0.12794785412389703,-0.11138098462964718,-0.09605848526236915,-0.09145189159759226",0
25,"0.1816978235429405,0.24084313179897476,0.31098237201941015,0.35959317710874295,0.3837947878587231,0.39648447981223944,0.40319020867591293,0.406071269545916,0.40856411577422114,0.40789769681207755,0.40133296401485263,0.39251985197083483,0.3804211843524581,0.36810477597806046,0.3573008340043661,0.3457684058930268,0.3363141116158769,0.3284435602843918,0.31938414806293103,0.3081850445153528,0.2963854336473929,0.2819892704236412,0.2627414284503554,0.2416846459273776,0.22122586317622384,0.1992663796782148,0.18208702068259797,0.17149521727383288,0.1605561349419734,0.14658067739646852,0.1269600354573429,0.10067420145879924,0.06867225891264506,0.02916499685956553,-0.01454337422090668,-0.050672165045179574,-0.07915716206071743,-0.1087880166064108,-0.1377680130190131,-0.16530102283538062,-0.19968145653903102,-0.2375271233522045,-0.2654493649943277,-0.2771971985062749,-0.28294385415882695,-0.288735022518128,-0.29489909302549044,-0.29690180616147743,-0.2946604881540429,-0.28614461437245975,-0.2694200963330706,-0.25439300728817993,-0.2436486207190971,-0.23647171802441047,-0.23270420222743993,-0.22979367314818888,-0.22401104217692747,-0.21633018153959127,-0.20851264986025542,-0.20249787287575516,-0.19643168322340454,-0.18924504587766688,-0.1793599046947294,-0.16685571463867221,-0.15640724660966177,-0.1477357775706054,-0.14141149727625724,-0.136032356427505,-0.13155337832603298,-0.12911299189687697,-0.12761139302188895,-0.12349093167445702,-0.11794396922170125,-0.11401660329145336,-0.1121724532183137,-0.10983273016022643,-0.10619420346167541,-0.1007856232345532,-0.09740730355388316,-0.09403010025850422,-0.09037650408100073,-0.08682972301645764,-0.08290083125825332,-0.07859018406234708,-0.07483369896431724,-0.07033994556567191,-0.06690151503529362,-0.06589898434696129,-0.06269405253800575,-0.06280626478467766,-0.06127612184782927,-0.058157630434199525,-0.0557784852106491,-0.054182452520656454,-0.05257751082996864,-0.051345811470903335,-0.048812800519963284,-0.044876984377086204,-0.042748541027651576,-0.03866571863498436",0
26,"0.13282028905011278,0.18816374950059145,0.2182250007785418,0.24369350959586789,0.26965781287301216,0.29472010140984284,0.31032048118516475,0.3214076390941827,0.3342352934449101,0.3488119771723096,0.3628239360361599,0.3736870048990525,0.38331838254582906,0.3892212676684398,0.3908167515870097,0.3879163499310657,0.38289792058082195,0.3743832808665287,0.35970771685058023,0.34154965283353256,0.3226534666648997,0.30101812789768057,0.27640158401309134,0.2511781751573555,0.2283267921979475,0.2051843144450226,0.17480321536856658,0.1370434811370611,0.09177088472852879,0.035913183654822545,-0.028089278184827315,-0.09570061849654232,-0.15803441398548546,-0.20609726542207985,-0.24275982226313197,-0.2709554347513472,-0.29641494746495267,-0.3216555111639807,-0.34856257742390895,-0.37096505743512864,-0.3834403202724648,-0.384946359581241,-0.38053280309677096,-0.3768189869574987,-0.37463485477598146,-0.372995130826107,-0.3698070797518398,-0.36031420913400836,-0.3460552865774047,-0.3349826963463285,-0.3298212874343993,-0.3256174013695454,-0.3239861158007331,-0.3243667536854562,-0.32571547659837496,-0.32693952479710964,-0.3252995439048634,-0.32141875983999757,-0.31742474642359486,-0.3124922325959738,-0.3088692287084629,-0.3053662030410833,-0.3000978470267617,-0.29451476764760565,-0.2890095769371004,-0.28196991148815376,-0.2739414635699575,-0.26711115350361214,-0.2630473543502083,-0.2613787202831799,-0.26263007061152477,-0.26087087597558245,-0.2503697493848578,-0.24048032944424103,-0.23408789497851878,-0.22795413152982325,-0.22326928325612228,-0.2207580888297327,-0.21652298832211958,-0.20935874818256828,-0.19543265085977302,-0.1688392123017981,-0.10242965724969988,0.025582106111297742,0.1464788009073722,0.23007804447162017,0.2867331038907912,0.3264060263346591,0.3560345578587325,0.37917294481261066,0.3993317537162391,0.4174799077679927,0.43560034450208707,0.45207437024729236,0.467999732457424,0.4826237447234635,0.49577875759507917,0.5102341886976581,0.5242600792579611,0.546614597322756",0
43,"-0.0502179938181721,-0.06777428467505253,-0.07960159536929307,-0.08993848814267952,-0.09057330543001557,-0.08383636706580047,-0.07310875310414539,-0.0622218312454321,-0.048799861607245226,-0.03541707468623759,-0.023623871907584137,-0.011483691163026999,0.0005743385566591985,0.012903629826509083,0.025459498640294648,0.039004877173562755,0.05530234277014316,0.07570919899252265,0.09709320357455517,0.11663848958742198,0.1310274266995583,0.1402240752335449,0.15037562579378874,0.16654077153735145,0.1870227153861247,0.2101630103835709,0.23826524888571174,0.262878145150474,0.2772562068890226,0.28463529690277817,0.28448494154930853,0.28130768887876584,0.27667238972490477,0.2712858601890116,0.2655329203931775,0.25944992116805055,0.25187795971745364,0.24460790443354313,0.2375604011138908,0.2299616894045196,0.2233495841600813,0.21755083733293507,0.21102325189311286,0.2038397971278467,0.19524241324800043,0.1848011373263308,0.17263044790459314,0.16117643455855032,0.14829307977620826,0.13686545178783566,0.1263485872375084,0.11753963483638728,0.10856161297709507,0.09794133630570248,0.08310115939468224,0.06850859799378954,0.05656368016244427,0.04611007534847349,0.0361905806165759,0.02607036303628507,0.015323759254602665,0.002457252992010328,-0.012974102322515446,-0.03010259361566181,-0.04642466749222807,-0.06020380073135889,-0.07326634818677699,-0.0857981243610223,-0.09885344502743612,-0.11648312691766916,-0.1378968933057385,-0.16342468388522374,-0.19130100741016098,-0.2186133978130535,-0.2461136017626857,-0.2693127430412441,-0.2808158116343431,-0.2839853680762752,-0.28435948838200004,-0.2851133266476067,-0.2786059786945288,-0.2668545165668578,-0.25383215234828593,-0.24117692044660122,-0.22849104818485877,-0.2152894829471661,-0.2040195625441073,-0.19433596203450237,-0.19154157412930273,-0.19765065858593073,-0.20475136678355194,-0.20486402392482467,-0.1990673727588665,-0.19012582756026897,-0.1831654662738531,-0.1779796276547826,-0.1732611348835178,-0.16873432998167393,-0.16447624003918432,-0.1734419586569217",0
35,"-0.1009222101062468,-0.11218475946052897,-0.11240126359945912,-0.11278063779941516,-0.1138285173261595,-0.11480251007875464,-0.116678762453299,-0.11720973421136094,-0.11791403079851093,-0.11792294990156726,-0.11755927009452005,-0.11854809047820636,-0.11801187499456178,-0.11753951128273998,-0.11891571137055101,-0.12035731235340186,-0.12179050560074556,-0.12151748641338367,-0.12196458941971722,-0.12179108192101773,-0.12132164792957778,-0.12129551600048005,-0.12353789734700049,-0.12700134020317622,-0.13064611528919512,-0.13255956543607206,-0.13443564712281852,-0.1347200741179857,-0.13488680421639354,-0.1359279994577196,-0.13752813614261838,-0.1397565384416415,-0.14279178510518387,-0.14617802830523519,-0.1508750587156864,-0.15511937075939364,-0.1569717413967826,-0.15366487847987131,-0.14513864051231495,-0.13259902908239862,-0.11536895559353244,-0.09517536156011208,-0.07293823314178849,-0.0485767155783956,-0.018772387022064407,0.017367238827625142,0.05974852669677122,0.1046632555858138,0.1469819744981573,0.19229063230759125,0.23888431323626302,0.2811144140226791,0.30993200325858217,0.32586611598018567,0.3428793508502992,0.35706103797112854,0.3778918328159693,0.40379509142064074,0.4200645669804348,0.4227972381849956,0.42210926152155137,0.4169330636725752,0.4056600809716673,0.38778108557981694,0.3649391827218529,0.3418372172899471,0.320069465658132,0.2981002913912152,0.27490709188854545,0.2543283710366957,0.23544834985608287,0.21746406202704938,0.19811393051314563,0.17632557554756834,0.15210916035396504,0.12704729292840278,0.10106015719154549,0.07298426369514943,0.04467458020112791,0.01097915777675973,-0.027641926029484898,-0.06942590430619311,-0.11204269351544505,-0.15059857607739557,-0.185283715015635,-0.21091751052142937,-0.2263149683636445,-0.23195869989370066,-0.2351962751329868,-0.23575967334199577,-0.223732332841293,-0.20715810658135925,-0.19223054390020944,-0.17829979234282933,-0.16547045109414804,-0.1547232070497293,-0.1468298407239217,-0.14170786559986492,-0.13845752595216454,-0.14803134955488062",0
81,"-0.0157734009588113,-0.02674343042576277,-0.029998644946040987,-0.03055415824691643,-0.029550716820135214,-0.029885520874795457,-0.02898837465360682,-0.028418982963069883,-0.02743180626247055,-0.02893862834530969,-0.02887064691903518,-0.029016099773048865,-0.027832879144777056,-0.028289633094075395,-0.028224851070323798,-0.029144279374240245,-0.028706715350740097,-0.029364613036479525,-0.02871383137666328,-0.028389667489389758,-0.02694897960023157,-0.027411695371106326,-0.02649040466013508,-0.02630936673640738,-0.02558780777362335,-0.02631006284184112,-0.02568524430068031,-0.026236189465560944,-0.025923190603390545,-0.026161707290353053,-0.02478248996452237,-0.0248403111685489,-0.023971721664294066,-0.02318498196074037,-0.02036044491419231,-0.018386221510849676,-0.015441964644722805,-0.014591902581892136,-0.012310934334381685,-0.009409079093470663,-0.004375147928147971,0.0005747150447197313,0.007198736837835895,0.012538682311153515,0.019212948320761924,0.025978671868923442,0.03535782294279999,0.043974653971200706,0.05208547120798457,0.057002307526021756,0.06141174510587,0.06311583225730244,0.06372037235693817,0.06270421317174524,0.06347372358751491,0.06385059209285471,0.06545320068136418,0.06558512318546184,0.06470628473474171,0.05987524185104398,0.053790474020672274,0.04566402749076204,0.0385667875778668,0.031566979274213036,0.027479980191837505,0.022980875220066643,0.018965081148742513,0.014075054914499674,0.010659753756875556,0.006749654167656605,0.004060478356843422,0.0006165993823774585,-0.0012596467257743882,-0.0035106907414661492,-0.005042909385440719,-0.007289743120778347,-0.00726149784648511,-0.007533150913603404,-0.006955824982705305,-0.007597150739497849,-0.006965999141280932,-0.0074912879538322485,-0.006969233168989675,-0.006987640242144266,-0.006007094028145588,-0.0058434382444207955,-0.005159365107122671,-0.006057943002365729,-0.005802909007079915,-0.005605170794789505,-0.004179359276225814,-0.004146724289569637,-0.003725281306841133,-0.00490210736215646,-0.004908753097447871,-0.005030385672862181,-0.003075373042582097,-0.0020616354165796658,-0.001471189773999182,-0.0025978506396606704",1
61,"0.0022497373429852807,0.012961330691158679,0.0158854711865275,0.01619255712850043,0.014754455414029977,0.014932765808265192,0.0137709159471604,0.013416443993216731,0.011553552449850901,0.010509972083430075,0.009154874128524337,0.009908302943967051,0.00881739327722686,0.008593929714981297,0.006904896590395726,0.006202103998440567,0.004170024903868086,0.0034866845863823492,0.0024592533814287165,0.0026849947861031787,0.001142037360408743,0.0014921166138686104,0.0008753237183438678,0.0009080441197006905,-0.0007272553108830238,-0.0008106068944893075,-0.001679620005625715,-0.0011575345395935521,-0.001966024132302735,-0.0012350702080508036,-0.001725029361302699,-0.0007697722241917226,-0.001316520186884329,-0.0008731563491055638,-0.001373770436902344,-0.00030158371074939794,-0.0012115739318852015,-0.0012159516557455063,-0.0019549115245647286,-0.0005327293749490813,-0.00023429714534151103,0.0019991364178610915,0.0035820619993143232,0.007457377451064673,0.011782928317938257,0.01916541117442616,0.026136498691976318,0.03484858077525921,0.041168559557264395,0.04559840408655669,0.04621399284802319,0.04691457498434648,0.04426713399906124,0.04091248469147679,0.036242896011527304,0.03320946154210169,0.029662921136015985,0.027887321812820165,0.024601492779335654,0.022439199118726716,0.01892607908353039,0.016283687901680555,0.012704210925861492,0.01134368799797203,0.009189259147188267,0.008524028226761349,0.006580234767256332,0.00518480045475167,0.003210843580457201,0.004911050093141522,0.007279831776270562,0.010592780316797334,0.010084615539244002,0.008805053363146076,0.004901021784594839,0.0015248530959364182,-0.0030151898722379222,-0.0064972230938060704,-0.01166391987158022,-0.01574191007960435,-0.020670715675032536,-0.024056485238411085,-0.02860534064316722,-0.03127833846119055,-0.03486067608767751,-0.03688930685127678,-0.04035448948528275,-0.042125331232644836,-0.04481400960267701,-0.04618506766477015,-0.04889981228258433,-0.049299602907154405,-0.049934990259844714,-0.04938026242237337,-0.050928740459025956,-0.05041642724248252,-0.05015636292854486,-0.048142536852965545,-0.044208774813284446,-0.029952736598223062",1
49,"-0.03847874113385685,-0.05623034356546974,-0.06139081167229632,-0.06180985602430111,-0.05935130107229536,-0.05849620913240594,-0.0556201502963376,-0.05438235419148618,-0.051643391833014585,-0.051225660786288096,-0.04947625637741582,-0.0498138079646655,-0.04800382666087999,-0.047540489623707716,-0.045021277299419404,-0.044508021217863014,-0.04214867906791597,-0.041879380039213654,-0.03994754334199746,-0.0395085910026558,-0.03724051940364714,-0.03757925634971149,-0.03632718071912078,-0.03653855570284681,-0.0345466506184976,-0.033866535714171864,-0.03065637811122024,-0.02923246500607657,-0.026419835174509076,-0.026016645099039892,-0.024091894101818223,-0.02349065442381859,-0.02005729545781476,-0.017198599629478895,-0.010684746500578046,-0.0034454323751904603,0.010030337319078653,0.02914900958495048,0.05684313764187643,0.08221231638175797,0.10011348998551683,0.10626367007652215,0.10755092576022907,0.10318934055126483,0.09782634732296092,0.08851797691967411,0.0797654947641423,0.07000493742523817,0.06246309035083153,0.05300929881354233,0.045355765965176875,0.03761050890052464,0.03267704229869872,0.02644712226730017,0.022103046849305197,0.016936412901971898,0.013709303804382733,0.009171167082020815,0.0067490516132017175,0.003106684118407199,0.0012737881791140548,-0.0019164475292948735,-0.003002776628516446,-0.005033986207822916,-0.005577793012719434,-0.007354014260529507,-0.006477537603230554,-0.0068032484243398805,-0.00600245737213434,-0.006687691683973429,-0.004800791395635162,-0.0036102266047539633,-0.0006554936541417478,0.0016067911287451775,0.006429179742326707,0.008939067970725856,0.011015777269543281,0.010700740750019588,0.012069699341920481,0.01175311247297317,0.012794488699311546,0.012257950654237737,0.01302783026642984,0.011973125743348745,0.012763438703481622,0.011704088410120161,0.011575854539096375,0.009963259277443126,0.010235716119594063,0.008851903608127265,0.0090477683946113,0.008293311059322517,0.0090481382355182,0.007470989523316929,0.007370659307429306,0.006064038154109053,0.0066942236255411736,0.005171130925682443,0.0004240228750823638,-0.017533772607616793",1
54,"-0.04439946719771837,-0.04944480507706528,-0.05117073484198165,-0.052211969178698636,-0.05242626290588914,-0.052373956711555425,-0.05125170507603205,-0.051059922550535486,-0.050566292435271665,-0.049965660496244735,-0.04840522248320933,-0.04747979098213573,-0.045698710874287674,-0.04402227590341323,-0.04138665751767223,-0.03889423164259287,-0.03618450572590115,-0.034506895371616775,-0.0321817289215931,-0.02935129871973341,-0.025318336044280576,-0.022410288494371766,-0.020055600413050545,-0.018181168938775194,-0.015663574005212677,-0.013626393391981795,-0.011203775931534876,-0.009313339103174334,-0.006638404999665504,-0.00450280545884163,-0.00237195586308081,-0.0009345458291019071,0.000753222108166085,0.0018157350199605737,0.003427782700130777,0.004741060525940144,0.0058515263619087765,0.005927873730095623,0.006688663838759545,0.006875258157856612,0.008633056984916898,0.013266428145882081,0.023463246115480008,0.03682827049117643,0.04920040492543265,0.05701024678980393,0.06149996961008841,0.06211571112054459,0.0605201675567375,0.057216792186604026,0.05334792108378905,0.04874153122396674,0.04437683416642657,0.039857683598751414,0.03612647911398126,0.03233406188035781,0.02929251034230984,0.026680990555614237,0.024835475468575785,0.022700508879469172,0.020773017262086135,0.018291315191813817,0.016373829191678624,0.014784906146087184,0.013783714885371445,0.01234048598385562,0.010810064438212308,0.008806307041572481,0.007553037651609751,0.006193687545285265,0.004691514113386308,0.002951681209779622,0.0018343850508435455,0.0007521896584241627,0.0003746903796928436,-0.0002611180945999436,-0.00045113398513740854,-0.0007645524161601358,-0.0014469068847913213,-0.002973007163062924,-0.0033086326719764525,-0.0020780682785794813,0.0007927639198410663,0.0033268902629259856,0.005047728792538564,0.005616534323393374,0.0060134397600237754,0.006367442416043367,0.0072669656525765625,0.00802144803806093,0.008931592866321836,0.009474370676606725,0.010102705257317934,0.010358484427265058,0.010793602520774437,0.009545774316515931,0.007386235467722324,0.004818905875983548,-0.00042009743144033607,-0.013403322994387068",1
90,"-0.016285554248470557,-0.003350918272509773,0.0009033045211235269,0.0014502110000074175,-0.0009935880017684084,-0.0018100678959149796,-0.00339102763684318,-0.00354965035543664,-0.004993909297486887,-0.005164612215695197,-0.00651306807124552,-0.006741640788004766,-0.008100075707325072,-0.007170140062831898,-0.007845907706612198,-0.008181377000374912,-0.009847305207812962,-0.010361128238215223,-0.01219605117275524,-0.011503491415953526,-0.010907289574894286,-0.00917851694777383,-0.009319500509308742,-0.007788708462721505,-0.0072306639192922795,-0.005422403639538498,-0.004376477891481212,-0.0013097307243770118,0.00042110216611446205,0.0032631037771211346,0.0046951997740523055,0.007650203517871823,0.01030397063589028,0.017087265159025478,0.025702138064091606,0.036668851221706156,0.04727767654650705,0.06245831693969439,0.07826398118037181,0.09235989324567839,0.09926823223897108,0.1016544754668347,0.09807067963131022,0.09297706107092285,0.0859956736712344,0.07972961426484426,0.07184887584722421,0.06567583310700709,0.05935679944622407,0.05496322710388002,0.049005799689215035,0.04407283062694356,0.0384190706589802,0.034151965347020585,0.02870909778983366,0.024895888151298173,0.020532491901937622,0.01720585245394446,0.012541943301974445,0.009683917898346994,0.006225401754702098,0.003490591456773995,-0.000969648509319132,-0.004521883439504215,-0.009469222806748334,-0.013083061620763115,-0.01760013663570703,-0.021636356249266075,-0.027923428968910535,-0.03292728319328564,-0.03810247722639737,-0.04136159907593129,-0.0448427004983607,-0.04526379136162939,-0.04623595081443188,-0.046883279006598055,-0.04838269503432713,-0.04782249598209365,-0.047823159182837305,-0.04588235967743781,-0.04539955246919458,-0.044902034029304705,-0.046035511321837586,-0.0457003031009231,-0.04575220405386293,-0.04332302120309839,-0.041690442446049136,-0.03980660680435566,-0.03990225940186942,-0.03868864438412256,-0.03819851310863642,-0.035617680630765314,-0.033334163275108075,-0.030457846262841315,-0.029858798916724716,-0.02844663144393067,-0.0276586771881413,-0.02521538536314516,-0.023531369842059835,-0.01919656113450685",1
245,"-0.07646632273044845,-0.08265505352251645,-0.08754139938103012,-0.09023594196872314,-0.0920318597506932,-0.09369469547289641,-0.0957497150538516,-0.09863617847799486,-0.10161720451485401,-0.10209874408228192,-0.09725523019067997,-0.08660909531654909,-0.07278466855918572,-0.059704548305868216,-0.049709627194557515,-0.04245855662721423,-0.036702103925043,-0.0313360168710195,-0.02514987643138153,-0.01771410604747159,-0.009786300317299601,-0.0027014389452960086,0.002070940011738298,0.0039114977168906995,0.0037678002027262125,0.003280753040905582,0.003254255145404006,0.00329342326543397,0.0029105292186201726,0.002521103571781924,0.00315449328123385,0.005317195357690652,0.008601205373346965,0.012369407715012493,0.016235248154744142,0.019737362211284415,0.022080015223816973,0.022194866432669824,0.01917838508622277,0.012638071829177755,0.0023353953410998884,-0.011106440405663609,-0.023973804542860355,-0.029417511636674,-0.020631407516105205,0.005027996623015174,0.043117333631751575,0.08337449294402793,0.11625393301222309,0.13749195881136694,0.14585312256042124,0.13950678309958675,0.11706564844858558,0.08274949850458851,0.04739349927325803,0.020735069041869447,0.00541248108173914,0.0006897317312958284,0.008701380181857898,0.034354788285064164,0.07873227952712197,0.1342403791098846,0.1874438983646869,0.22554442864466911,0.24182276863769192,0.23828369246012315,0.22333649842312714,0.20550624535596657,0.18926340331029018,0.17567267216871602,0.16444843691929276,0.15459430929034168,0.14462898011857586,0.13381696555684014,0.12253025933432954,0.11070622442208689,0.09747427634368355,0.08206296353182954,0.06430891118785653,0.04485909852971817,0.024535335643294937,0.003731696998918621,-0.016869543541974008,-0.03623630811841835,-0.053855419699478935,-0.06958247097069592,-0.08373549532707453,-0.09728534422340135,-0.1112012906571645,-0.1261759079841916,-0.14199624812546618,-0.15766476660924472,-0.1728000581801229,-0.18778484212028862,-0.2027145903759366,-0.21711775322132637,-0.23085179153233387,-0.24376123277294853,-0.25458679554197144,-0.2621356824993148",2
170,"0.00925570903622952,0.007645416656937631,0.006541624549802061,0.005359154888569362,0.004236858649003472,0.0033556822080915705,0.0023447406343312938,0.0007473013714839327,-0.0013195117420283509,-0.003531203942031935,-0.005571919652682805,-0.00654840881248675,-0.006005707312539965,-0.004738867357550719,-0.00304642936974453,-0.0005483050123201438,0.002510261500347888,0.005708796215942086,0.009165432676574548,0.013124403835965581,0.017458076826853297,0.021925799364337306,0.02664096448037362,0.031640211240673094,0.036357474381037425,0.04059169327550202,0.0450978358217253,0.049976434301405,0.054210642349362265,0.057083356332522345,0.05845760788104934,0.058274480577032384,0.0567001174798602,0.05422403228450878,0.05093908800616401,0.04634929979597463,0.039967484383470586,0.03150105469660902,0.021096744828229264,0.009776574527000925,-0.0007389112066336079,-0.010177920945354135,-0.02098861195735452,-0.03597556010804581,-0.056377160703840856,-0.08247107248385327,-0.11444127149375544,-0.15307440997102334,-0.1980409943327669,-0.2442474241652719,-0.28269890133078374,-0.306177508889198,-0.3144237130448204,-0.31397941873044816,-0.30972610521271665,-0.29660789340536775,-0.262844679592973,-0.20147917223569695,-0.11822150134205495,-0.02784982784216783,0.054497434471819484,0.11793116132045117,0.15869460415122638,0.18170704248697445,0.19549213793226428,0.20560425664343474,0.21388250514715385,0.2208514403670398,0.2265597182769573,0.23023078887784038,0.23004293711422918,0.22439211597514902,0.21331826114028468,0.19785144967702267,0.17924221920026973,0.15881470714863366,0.13733003830383533,0.11485670902077516,0.09183625435800069,0.06968546149634042,0.049891120795381216,0.03332550729402706,0.019672496750448798,0.007498289807351954,-0.004181210700572091,-0.015192815216002686,-0.02506909272835517,-0.03404372302245462,-0.04267190628496509,-0.05098907219007476,-0.058461754369783014,-0.065009262063279,-0.07164552315039319,-0.07877579693604919,-0.08542378095498504,-0.09116713830905881,-0.09661252715305102,-0.10154627377686037,-0.10425391610753304,-0.10457680765496474",2
240,"-0.13176590709953062,-0.11292876561054868,-0.08438809145722509,-0.054544491153222296,-0.028086971358617208,-0.006118625067076444,0.01162223171384695,0.02573057818428004,0.03606503284785767,0.042337119216317054,0.04592137885116798,0.04906298622873942,0.052887089065346116,0.057430201428293914,0.06261654918981818,0.0680967466602028,0.07309119909077649,0.07747420970942154,0.08158588188417012,0.08500096866519966,0.08733682299073373,0.08930387500854134,0.09150876058550322,0.09363253941460584,0.09454227851188068,0.09179706488216227,0.08219272748361012,0.06406120398573635,0.03904582537479229,0.011368133010217996,-0.014690346328661619,-0.03583557947163449,-0.04983788687299656,-0.0569478695903565,-0.06017356057121104,-0.0635362411975815,-0.07106705296260474,-0.08684668978847954,-0.11496210919156502,-0.15550915191048426,-0.19791280795883115,-0.22654152348068807,-0.23582751524652512,-0.232167260940651,-0.22298249557876498,-0.21056627398985617,-0.1938806185144123,-0.17159337842823635,-0.14317596448772907,-0.1097227912090023,-0.07570885078820816,-0.047637832563330096,-0.028720218852905544,-0.017157292028224025,-0.009759476759165886,-0.004240005268413283,0.001592114466194311,0.009521284693021298,0.019663683651689245,0.031886161039700184,0.04697638840526652,0.06553135583294278,0.08722722836519692,0.11091068837535484,0.1354347519332712,0.15964284304675383,0.18166966752496416,0.19930262197009369,0.21091733336261995,0.2158616263845643,0.2139914946954026,0.20587234697329265,0.19288719470106686,0.17629191270696476,0.15716085402747343,0.13693507620690443,0.116634450478246,0.09581456348270934,0.07382237843244155,0.05156269482471909,0.030864297593455325,0.013289686276622303,-0.0006517824353746704,-0.011670194393213817,-0.021052354784151905,-0.029950489364744814,-0.03883258378736376,-0.047640928829408735,-0.0561342289066043,-0.06405281700535848,-0.07138734471463398,-0.07788760369322745,-0.08320069976489153,-0.08791840164826586,-0.09279542614176006,-0.09759988377163159,-0.10182174115604847,-0.10513292333377405,-0.10663236224842193,-0.10578069172829058",2
192,"0.04859198403898568,0.04329815341695098,0.04033554563209685,0.04123484107357789,0.043981092075474626,0.047134370295287775,0.05039584088089266,0.05373973624670625,0.056536076935705504,0.05845065441809405,0.06031035901558268,0.06271983238465428,0.06515436901226868,0.06673146426619847,0.06584706335058899,0.059460671756271566,0.044903503603467065,0.022445104634774005,-0.005858476659349465,-0.03882976134900762,-0.07614964506643251,-0.11827402824473587,-0.16752613652656878,-0.226351735603052,-0.29155930278121556,-0.3509050819017523,-0.39030522655803246,-0.4058677228244376,-0.4029104906995882,-0.384060862017495,-0.3453468176542771,-0.2841093473508369,-0.2070747034537248,-0.12787234367683054,-0.05737851067590993,-5.2005420888567855e-05,0.042511789661585864,0.07041474390999158,0.08670505778194149,0.09618825283451704,0.10316945570053337,0.11074984376788954,0.12067651205549068,0.13295509550959683,0.1465334914114642,0.16046158913563668,0.17409979400676656,0.18659814240838335,0.19688720852781127,0.20377936086417803,0.20620682300711635,0.20407132503752434,0.19830760564388927,0.18982384486722537,0.17914079603910782,0.16714505967372717,0.15508210165512404,0.1437340433420855,0.1332747277699653,0.12375974671160916,0.11515934835710806,0.1070175395466535,0.09895077962975374,0.09110392534357414,0.0833312474673038,0.07505267956238115,0.06627071128972384,0.057650245000181455,0.049723809577773004,0.04273322236796906,0.03651808907802945,0.030241075369913162,0.023344321809192436,0.01597420919667858,0.007987354424026094,-0.000465756325205291,-0.008382685088506925,-0.015263368533056987,-0.02154052986188404,-0.0277667225946594,-0.03399488133977169,-0.0397098601728878,-0.044390757428709904,-0.048671011154008514,-0.05386394129393435,-0.05992389153265765,-0.0657100143903615,-0.0706536403778204,-0.07462976917906028,-0.0778486941107539,-0.08074510938009127,-0.08292016046711859,-0.08369079471293195,-0.0836930987560538,-0.08422075035096577,-0.08541766872160306,-0.08656248861939742,-0.08688795252279502,-0.08519425406777592,-0.08202563293490939",2
182,"0.024932543674016316,0.02545513968659663,0.022459814813569623,0.01480457781847988,0.0057237386277133595,-0.0018319949033723804,-0.007035253801756736,-0.010127155594206294,-0.011649189802547588,-0.012728622059424821,-0.014021348481110585,-0.014880694679136552,-0.014659098002718807,-0.013366489693280026,-0.011059964728190486,-0.007621842141151691,-0.0030043778134695165,0.002656498893879089,0.009161802565819888,0.01594502559899824,0.021984678227732424,0.026773186298357565,0.031072257128698877,0.035916602266552355,0.041285954145746984,0.04627757257313214,0.050175121695152036,0.052755324236673506,0.05400413622713229,0.054348745853568414,0.054578596727918316,0.0550031135246003,0.055397668382554444,0.055527110200676466,0.055565830580805,0.056303873422755446,0.058331046563924294,0.06209312523037047,0.06888909919382957,0.0792472231229876,0.09086620838471493,0.10041977104550204,0.10649297106274791,0.10980052802045659,0.11134809056884232,0.11082525357268691,0.10724360240421249,0.10048249942351972,0.0913876375828181,0.08074561694595495,0.06862129318565013,0.054762544300106186,0.03935195034070127,0.02259549966504959,0.0033969077390758606,-0.019760807005510084,-0.04654126056114849,-0.0750078531199373,-0.1036520292547598,-0.13264543725641886,-0.16396808259776496,-0.2003758368887184,-0.244943607604439,-0.30014298412260787,-0.36219909764374203,-0.41661440225041024,-0.44575246368835264,-0.4450284377648065,-0.42732454665500896,-0.40731079697579853,-0.3845453641177299,-0.34467122057206867,-0.2782107546318444,-0.19406917975828286,-0.11102474659248796,-0.04131772656604393,0.013309871444456167,0.05501432078596524,0.08576064343383005,0.1075842297576155,0.12269055150669905,0.13332039951842456,0.14216039922885143,0.151521386341675,0.1615295095281875,0.17041494692718584,0.17647188175910167,0.17888688213144416,0.17784470063455082,0.17392333606596133,0.16726377834910378,0.15770774263085358,0.14524635084173315,0.13062922053373377,0.11505496804133841,0.09905926168291701,0.0832851717760354,0.06936130974756205,0.059388573178977166,0.05465344995771526",2
112,"0.004221782452236717,0.007380999439048543,0.005794433023581548,0.004164882434643732,0.0030926110897002076,0.0029949618287963276,0.0022272349989652176,0.0014674357240941557,0.00018773554446990803,-0.0019654237685641993,-0.0016707786057722634,-0.002696897188785359,-0.004924972408749451,-0.006992329474494172,-0.0072277778648353955,-0.007207930813091928,-0.00939685914963314,-0.01040793930363483,-0.0116631785974542,-0.011909749759332552,-0.014888244388325061,-0.016869534317399314,-0.018805074055194174,-0.019509899951955574,-0.021496075487141053,-0.023474032777699487,-0.023675360863773844,-0.023866212191468256,-0.023820506127124684,-0.025043758993778434,-0.026435627015094006,-0.025415436150227788,-0.025727976030483428,-0.025634386312010073,-0.02553389517877483,-0.024509213993487343,-0.025332059909229508,-0.02603099914762836,-0.02630670769872589,-0.024725862593690404,-0.02135842702312106,-0.016919503084131288,-0.01047769234908532,-0.004567577674314607,0.0003480434194325713,0.004910071327099891,0.010033292234687942,0.014034811069317622,0.01871862822398871,0.02424308196647755,0.026623493594415168,0.03037769770306327,0.03368705975780396,0.03858366365831409,0.04517514233515477,0.05012427087432337,0.05191523083207066,0.04906898379959857,0.048404423725856134,0.04785550323426548,0.046918241444750174,0.044978200495492206,0.04380955027648358,0.044906822803629516,0.04500848325159069,0.04427570441755863,0.04368100052595995,0.043374853371043624,0.04145712888322887,0.039417796992185054,0.037404005222635824,0.03168373569917262,0.02563301638729449,0.020699352501631817,0.016975769762566977,0.011965864658451987,0.009255581183149737,0.0056386159869538585,0.0025698166028267563,-0.00022526406277969396,-0.002414316150513303,-0.004755875960714036,-0.007848726774881194,-0.008887630732317901,-0.009839488647677634,-0.013570942535072954,-0.015502690169838428,-0.017661193175310418,-0.02105113731683205,-0.023549926122961425,-0.025781327816304482,-0.029703474974058598,-0.03231877439795846,-0.03285501865917886,-0.03673384419896938,-0.0411532147935385,-0.04671774446808279,-0.05078479891090503,-0.052601048977541066,-0.0548446756643692",3
117,"-0.01952341370730104,-0.022442339935781375,-0.02181605473604331,-0.024117197138801894,-0.024806789609359337,-0.026514715482049533,-0.02634244529020391,-0.023264099995997434,-0.022152960455309234,-0.020514039575107113,-0.01871782459020177,-0.01770412124035503,-0.01641675601862924,-0.016203282953697107,-0.013418417940179506,-0.011786365919841835,-0.01086059187722932,-0.009127634727852607,-0.0078449395765261,-0.005762781857723276,-0.0036399121307364446,-0.002229372610845326,-0.004064921313819303,-0.004646858432911349,-0.0015878012853056678,0.0035777321807737295,0.007724460369976649,0.011717811187782479,0.014626233404374966,0.013148049444799748,0.009732916788211643,0.010709896456534418,0.012196127752920338,0.014730236915993622,0.01743163169285089,0.018539238044016138,0.02058155217610258,0.022780344511054373,0.02344456028997599,0.02324186566890174,0.02284223366897331,0.023435870339691967,0.023938191227907968,0.023645000988884668,0.022161999275791766,0.0210445808146702,0.021972190601824426,0.021903359791139332,0.02102163263288026,0.020365014136153325,0.01983434664184114,0.017536480325889947,0.01516707821501928,0.013000837090862083,0.012124400046075401,0.011347548648588779,0.009416569979780798,0.009057332832387077,0.008717448395317184,0.007006182437576003,0.006637271733134886,0.005394879414162723,0.004427795866943862,0.005874595675089189,0.004250680942249341,0.001219035796273582,-0.00028288178667668085,-0.0009786386902115307,-0.000931284929558851,-0.0012590837362931318,-0.0012914735416802436,-0.002771910453636117,-0.0044276868300778816,-0.005235407197322628,-0.005946719073071316,-0.006618189615765102,-0.005448178961644734,-0.0060947874649732725,-0.007028940075697099,-0.005816370619805111,-0.006047935360045775,-0.007494749929643829,-0.007285958994551089,-0.005774330335031719,-0.006802017097736535,-0.008185917771227347,-0.006922437761230249,-0.005723255334035393,-0.008145852871108694,-0.008506112682106881,-0.007565790513400783,-0.009163840679588198,-0.009520887212596696,-0.00880482463533827,-0.008849628602939585,-0.008812267690496922,-0.009178486657072105,-0.009246069600051365,-0.009489336594851405,-0.016368322702136506",3
146,"-0.00028340119274294917,-0.0026307917440350215,-0.004315934099772711,-0.007060001845150987,-0.008824181504783035,-0.009815292986393831,-0.00877828857657037,-0.00677705596054734,-0.008150091703513551,-0.010933254927497527,-0.012526006528189693,-0.014426775064232289,-0.01706210530097696,-0.01930105999883902,-0.01945134093752987,-0.01740067387230937,-0.01727956647553397,-0.019439121261679015,-0.023864840147963973,-0.0256097213567289,-0.02373296016115245,-0.022111465022529142,-0.021805394037983983,-0.02362700672743867,-0.026288372899394563,-0.025294997999299018,-0.022651830872447154,-0.01919923391873657,-0.01713484183573588,-0.014439706976213773,-0.011358751565104908,-0.006703223696240546,0.0014550753837803132,0.011228585146812686,0.018750377459336165,0.019582103920934624,0.016513502274060454,0.01588517471240114,0.018424659906968954,0.022354357831986027,0.026273183363055397,0.03125484649338939,0.037068653787606154,0.04195234345175436,0.04075285510922877,0.036224999279077075,0.033395267857173505,0.033421912161872624,0.032907894431431384,0.031734841419400306,0.02751395600382678,0.022013348630743335,0.01857352988169436,0.016049368394479235,0.016556270598577227,0.017016476762974464,0.017374349649071807,0.021303551478297655,0.02495598231145968,0.027974498738175924,0.028113930162852463,0.027603409884642938,0.02452462528302879,0.02016588041100864,0.01456568262482616,0.008873288350911945,0.006076604573520994,0.008319412237702828,0.011179243067260147,0.013023154635465661,0.013231114218313356,0.010342429093951,0.007929094600786168,0.004701456742671306,-8.028844454344153e-05,-0.0017529964448195212,-0.003206042557532429,-0.003925624059394006,-0.0038569811642555907,-0.00386795136662732,-0.005561594460455899,-0.008760850328184522,-0.012890782245997712,-0.016388048031109492,-0.018455149616732225,-0.018781818800721384,-0.01852216326636258,-0.016669271689647824,-0.015512849110330795,-0.015744442260176128,-0.015412185214975671,-0.016625047588374908,-0.019377486501308328,-0.020381064234456847,-0.021831388013976216,-0.02470758695229469,-0.02541213448845736,-0.026959981092337104,-0.027569569850737885,-0.02663070334547102",3
125,"0.00522117802592037,-0.006616120987192886,-0.006144486626086465,-0.006839710113746289,-0.0065155952625626234,-0.006873173495244966,-0.006088998225158182,-0.005988105420251966,-0.006371164124509665,-0.006325072089320427,-0.006985202861936823,-0.007509729295640977,-0.007703961516235536,-0.00804315008002443,-0.009701316148552408,-0.01044832106892346,-0.009807662152589547,-0.009537409187234669,-0.008752189084540563,-0.009586592658991977,-0.010281214528725657,-0.009729180249011815,-0.010802004942084498,-0.010405312846227588,-0.00958154800870581,-0.009535916345925433,-0.009670974207515837,-0.011549174450762978,-0.012512166572184125,-0.0118199298621946,-0.010503291897976608,-0.008640734034723208,-0.006497977596619409,-0.004748691507483471,-0.0031660945771445625,-0.0020275867593357866,-0.0007352020176820684,0.001719998897397046,0.0064609317396029375,0.009197815917804109,0.008873404982744804,0.009999424495028109,0.01074408120369763,0.010229626289449456,0.011011750897483186,0.01121893354093828,0.00981580556832684,0.009420187141170988,0.009515032276070867,0.009444615324931904,0.008260833964145009,0.008785202396909053,0.008783875533191932,0.00812078497880786,0.00797144783313053,0.00860231063471839,0.0077635355335943235,0.007473087347545704,0.006505840169879873,0.0071755171136178575,0.006634334967090982,0.006778377890745091,0.007506039395731801,0.007165233642744351,0.006239760801439731,0.006603714849911402,0.006758411508710704,0.007014217379362808,0.006216665062360516,0.006406680312262436,0.005721645825423449,0.005368054920025456,0.004997598491093269,0.003982699616333019,0.004091802240874021,0.004245638000174967,0.0024676497233457884,0.0027463318689782135,0.003093775846198854,0.0025889114529384916,0.00212853843989258,0.0011526738714420226,0.0009666555561218537,0.0007984879821969493,-0.00023883741335906095,-0.0006642258753490893,0.0007636103492747459,0.0003232506013894909,-0.00042963116289773673,-0.0007824033393890595,0.00013653845461725211,-0.00043306440215173936,-0.00014973463762801842,-0.0008900156342108723,-0.0006437027852155275,-0.002074384191179446,-0.0027553606466004243,-0.0033004436156478523,-0.0036466797185721322,-0.011159076631559683",3
156,"-0.014940092559052043,-0.004168646273999932,-0.00372556860294071,-0.0035954685766442784,-0.0017163522001570897,0.00014583788942412745,0.0010376776025068368,0.0011544740274174181,0.0005310269071904239,0.000459743794787415,0.00016265316019214993,-0.00012212163108049623,-0.0006664155262517957,-0.0012426240881993067,-4.524969864583284e-06,0.00042636611179769357,0.00020407077958228825,0.0009455509315928756,0.0015260605980134123,0.0014161257885837442,0.0019535538471142644,0.0018404431329588355,0.0008582931727668663,-0.0005580890453048548,-0.001533187163543559,-0.0006619059084039813,0.00046319601257649445,0.00022276867687764934,-0.0006850036755208233,-0.000489148744723833,-0.00016051469910272065,-5.721449927142963e-05,-0.0003750085699042449,-0.000739341493935397,-0.0009887003169566366,-0.0010340122824809006,-0.0005494100465230911,-0.0019095342358979028,-0.0022021626937080985,-0.002652348114198122,-0.004702658253178504,-0.0035772594401305424,-0.0044973232138136865,-0.005209677856443107,-0.004900613942882881,-0.004753446142683582,-0.004276832697392208,-0.0037424589937223862,-0.004290216128000068,-0.00841085182456136,-0.01209814300947043,-0.013638326329250994,-0.01383560010823659,-0.013439760597498407,-0.012761394866605102,-0.010936523215535843,-0.007577901414383081,-0.002019269336944296,0.0034342674388492256,0.00898703305224513,0.013021722680406689,0.015978746133296418,0.016726787047086744,0.017226040437152146,0.01801506284377896,0.018068688918710718,0.017235228140313863,0.017440715262505124,0.017734683452237165,0.017618409788860978,0.01784466699141496,0.018000877628339018,0.01669211145698113,0.015608846515205888,0.014788428021263011,0.013683753700941215,0.012502450530405107,0.012189411794873761,0.009912189773865099,0.007841078163676851,0.00447821075885968,0.0011434429067201934,-0.0015678520375149718,-0.0018942739926884888,-0.0016153642818164116,-0.0016073356363466296,-0.0008151680600918532,-0.000867014674904687,-0.0012484359298761127,-0.0018769396667170923,-0.002280798671600359,-0.002703053264534905,-0.004871677411157571,-0.007747010252026176,-0.009765904746036669,-0.012654661625584596,-0.018824460225411066,-0.025163389221627086,-0.03218198180134657,-0.03238972108368943",3
311,"0.050303883382952996,0.05362158743454906,0.05819450881664562,0.06126356874343475,0.062066705430228075,0.06088532822811227,0.05813748323431714,0.054316807081393526,0.04999388653683015,0.045653127054955,0.04162366545825508,0.038174474836138145,0.035545774899378074,0.03387017355870098,0.033122878806692124,0.033032411676514606,0.032952342339582164,0.032065011460481074,0.029862649564361188,0.02623587612952996,0.021011853783471174,0.013531978029737435,0.0029376552453636295,-0.010797404701543445,-0.026407498093492493,-0.042612115250240834,-0.059404251983699946,-0.0771003106412188,-0.0949001914595908,-0.11162820343331348,-0.12702365182020672,-0.14115697658082899,-0.15346742810313055,-0.16338775363097532,-0.17123939846310673,-0.17749157923574194,-0.1813242632837143,-0.1807175334065931,-0.17354383596907832,-0.1574206831466523,-0.12946211924681122,-0.08893944111732116,-0.040826621575494715,0.0053499092729826225,0.041146789060843764,0.06299588997455538,0.07183592677616132,0.07198464022735354,0.07023411735320231,0.0729232960867747,0.08160294043470864,0.09133466415673222,0.09416573311474205,0.08564695538067926,0.06913789619095465,0.05355737451267881,0.045813948227814455,0.045722991862817614,0.0484686073322764,0.049852281256391656,0.04843811806850065,0.04494427888211697,0.04106652959593707,0.03822494190099254,0.03661711588035085,0.03540122849661806,0.03371662130277439,0.03122999124787426,0.02801391574382503,0.024500235228308548,0.02145948341140433,0.01954426733775058,0.01871211474424697,0.018280995900327918,0.017610930746647963,0.01650806015979847,0.014958647466820713,0.012806779543337837,0.009880545509785316,0.006356244102358716,0.0028226474547803637,-0.0001705720157931523,-0.00252129880025434,-0.004386521141510308,-0.005851009124526768,-0.007022339588232812,-0.00813055523042347,-0.00928777472948597,-0.010379287603096449,-0.011250780408428779,-0.011862006912021134,-0.012346601417729891,-0.012945254256542554,-0.01376178784971524,-0.01465471066508281,-0.01539345469468631,-0.01578303417704538,-0.015742749935466566,-0.01547230124149776,-0.015457984743593861",4
296,"0.1703290953923507,0.16475525085543363,0.15730026388719393,0.14960086374528858,0.14293491961112495,0.13789121644582608,0.13451446305502532,0.13257388130169384,0.13172178012671926,0.13155445016529188,0.13165800314617154,0.13166209351541597,0.1312514720085518,0.1301553413865774,0.12817144742968456,0.125170813281344,0.12113744989114045,0.11609002736893881,0.10997776996640433,0.10249305335692974,0.09298616528649387,0.08046506314464125,0.06380538164059171,0.042014130915209696,0.014554608759333593,-0.01841975615908599,-0.055871341816224634,-0.09593444676995039,-0.1362291600715516,-0.1744469128353238,-0.20884064758883192,-0.2384846612817219,-0.2632187856411805,-0.28350145162385765,-0.300116623807298,-0.3138096622042137,-0.3248646624468364,-0.33295731732611056,-0.33732249810879084,-0.33719847601496145,-0.33217437797704186,-0.32235104184306207,-0.3082358115813969,-0.2905873616225315,-0.2702237702549747,-0.24791984871243133,-0.2242946804141926,-0.19976760965683482,-0.17449380418326027,-0.14836067122245153,-0.1209278033606776,-0.09141626024174876,-0.05878616747493025,-0.022142992329314812,0.018643597276149393,0.062366001089083245,0.10644584194283846,0.1474475111649024,0.18186601177680994,0.2066521454573942,0.21947033797576054,0.21893598606505132,0.2051932656697566,0.18051852456688144,0.1493687566692124,0.1173677486933665,0.08967556553474545,0.06960089254284357,0.05824241248102052,0.05501389008846308,0.058516086854932786,0.0671058631787198,0.07909363367349592,0.092662446205312,0.1058609468064215,0.11673844739571299,0.12370498399240909,0.12587328898388034,0.12327033702322021,0.11671119655564272,0.10746620431640713,0.0968023159889273,0.08568570054429714,0.07465189730897237,0.06389920044615438,0.05339808587588482,0.043026286632700694,0.032623637402284744,0.022081339775841646,0.011364609248504826,0.0005414048648537395,-0.01027511703688161,-0.02092346526323649,-0.031248088638213517,-0.041063837694049976,-0.05024024067025709,-0.05867577463438062,-0.06629772212811474,-0.07289848762484571,-0.07813406949184079",4
275,"0.10491561192722354,0.10365747452229376,0.10230381624279741,0.10045120118255549,0.09781941097909236,0.09432173878373104,0.08995416353522076,0.08461078695327365,0.07796797366244693,0.06954279018761242,0.05892551905968832,0.04607962792548889,0.03152604209746998,0.01627804208990194,0.0015143735961938437,-0.011840079757587205,-0.023449743709029344,-0.033641744245293134,-0.04322859467104814,-0.05315724405699379,-0.06415476403493472,-0.07645232625346281,-0.08967550070911165,-0.10290273471109856,-0.11490488818586275,-0.12446466481535759,-0.1306855276601784,-0.1331576278278873,-0.13196600210396003,-0.12755153539701597,-0.12053673531678624,-0.1115723577679881,-0.10127268770131176,-0.09019594349523707,-0.07885704218154613,-0.06771794601009173,-0.05717161159377711,-0.04750263789076656,-0.03886037805301133,-0.031233867778746954,-0.024466280796119705,-0.01828977289277986,-0.012403113419684336,-0.006550412782642262,-0.0005973501958027594,0.005448478796337891,0.011473225719696,0.017360045557047954,0.023061607015147534,0.028564306757330793,0.03368791356531489,0.03788209930750197,0.04023937749486567,0.03990590033273911,0.036732823045668994,0.03177859882239312,0.02718161722032278,0.025328739115639237,0.027728926363114498,0.034326447623897166,0.043647663760625816,0.05360429014320531,0.062334619698258736,0.06866095560440885,0.07210459150547363,0.07271360934469037,0.07085918591763304,0.06707587138259921,0.06191599483191315,0.05586186847943184,0.04928518591300121,0.042470242701741184,0.03564548867784964,0.029033887034147082,0.02287712655027538,0.017433077866427366,0.012905206057868684,0.009366131179452647,0.006705194599520792,0.004673392585414604,0.0029759455226550935,0.0013882018332488366,-0.00019476138089835615,-0.001764704888530061,-0.0032811821443995415,-0.004742222652679179,-0.006231445149660869,-0.007880851348752244,-0.00980967355918061,-0.012057725604023767,-0.014583024768120761,-0.01728516969411656,-0.020061114129768215,-0.022790210629432178,-0.025344775701900746,-0.02754219890666737,-0.02921455395724301,-0.030290469742185855,-0.030953815440173005,-0.031617394959074285",4
287,"0.05529443365894185,0.05378436716523913,0.05178471037018323,0.049523709345686534,0.047257667920956786,0.04522035477521269,0.04359084270738414,0.04247488763337673,0.04190449590958237,0.041848454005243535,0.0422338085624929,0.04295885787632178,0.04388599394448031,0.044800910449268955,0.04536113061446154,0.045071511278770515,0.043370140304022003,0.03982489809779127,0.03437124506936565,0.02741376509166918,0.019688834639351144,0.011930111673639748,0.004568490613455961,-0.0023491289112535785,-0.008982825645353604,-0.015446311009181757,-0.021666896028484844,-0.02745598778276695,-0.03269582694740231,-0.03750029611484329,-0.04222101565634942,-0.047308497779540354,-0.053100967526347936,-0.05966704825326842,-0.06676472133229402,-0.07394716077563238,-0.08074716823997041,-0.0868607779342273,-0.09222994389096956,-0.09702007699334052,-0.10150742935012674,-0.10594482682992909,-0.11042215905141337,-0.1147467317640227,-0.11835103219587799,-0.12029944877958389,-0.11945157798981645,-0.11480585703687479,-0.10590069157929298,-0.09307954997618156,-0.07745394905851619,-0.060580564728968084,-0.04400709918023893,-0.02889451700943585,-0.015808091659193363,-0.004672593913570666,0.005182111894757174,0.014888678509443865,0.025755320710017876,0.038762004643350445,0.0539368715810932,0.06994610183230851,0.08428794950267446,0.0941919986987367,0.09785168003343911,0.09531365852996429,0.08848757274974658,0.08023710042430696,0.07307195148239434,0.06818200287493933,0.06530780168357472,0.06335046043985201,0.06118491575563176,0.058151534100489205,0.054096759971964975,0.04917020940117181,0.043630289892156365,0.03775482304702946,0.031824573871393785,0.026106647395460675,0.02082160001367453,0.01609785395249566,0.011952543225291906,0.008308684270563665,0.005055505332331345,0.002114417704013244,-0.0005151916241863119,-0.0027739592794140677,-0.00460889045539678,-0.006055050819777835,-0.007262740105169085,-0.008461448305937896,-0.009863360912612668,-0.011625256400697226,-0.013814535575018022,-0.016487493527022085,-0.019666796913973772,-0.02327294637076277,-0.026927180392156913,-0.02996162362497587",4
354,"0.3030672733989651,0.2959648575046493,0.28680800102509246,0.2772922964438118,0.26866412895709396,0.26135828928557997,0.2552015846228222,0.2498100172817485,0.24485424687313218,0.2401247289774572,0.23545939127778392,0.23065485903357857,0.22540367194380967,0.2192588101982778,0.21153971118513246,0.2010453632230294,0.18572576191260654,0.1625118647166382,0.12784134710817352,0.0790192543885456,0.01611252727562816,-0.05679678739345284,-0.1319975209670122,-0.2004153680918408,-0.254563675432946,-0.2907112546439746,-0.3092894426594476,-0.31387777966678143,-0.30955217606217833,-0.3014359607590003,-0.2936506828796498,-0.2887677468369776,-0.2876679384786611,-0.2899040191878013,-0.29433085002649184,-0.2997783909882037,-0.30537739888143667,-0.31057863283148385,-0.31496347163815774,-0.3181341782320941,-0.31965485141146394,-0.3190801088941866,-0.31594405424961536,-0.30980383189651295,-0.3002534006637403,-0.2869851885200422,-0.26980723300094744,-0.24871371361750277,-0.2239024146036416,-0.19577950871348135,-0.16483745930954405,-0.13153457718125197,-0.09614118763192951,-0.058721380082617985,-0.019223887701581687,0.022190775903512885,0.06476873637706569,0.10687419938073009,0.1461175212691873,0.17979911037528007,0.2055013725865936,0.22140419429909097,0.22632481983263109,0.21965598512800094,0.20168302257539966,0.17420334040022553,0.14098294834442973,0.10727064402852618,0.07841021906692869,0.05820724393117424,0.04807989713020813,0.047223237943317065,0.05347588867198785,0.06418460112524735,0.07682375067802974,0.08925781705488109,0.09988273763714803,0.10764353889653647,0.11205834440616505,0.11314031645373054,0.11131321250690321,0.10724374672683304,0.10172199003051105,0.09548177550211043,0.08906990844367005,0.08270679097333697,0.0763158944819183,0.06962783464855596,0.062384681899029265,0.05443263540265755,0.04577055467754104,0.03648898190456387,0.02676024247526343,0.01680414019391105,0.006893216641914196,-0.0026917374702443153,-0.011671408705319353,-0.019801735831401407,-0.02686347025591454,-0.03269343123982768",4
